{
  "mae": 12.422701720642907,
  "rmse": 651.4714552500669,
  "r2": 0.005097865478832619,
  "direction_accuracy": 0.6580329871716555,
  "mape": 381.63174373120484
}