{
  "mae": 6.553325358815221,
  "rmse": 418.97693583715255,
  "r2": 0.5886675521313822,
  "direction_accuracy": 0.9065390099816664,
  "mape": 127.62946030527348,
  "median_mae": 0.16905059837578915,
  "median_rmse": 0.2222906501223531,
  "median_r2": 0.8732163663324818,
  "median_direction_accuracy": 1.0,
  "median_mape": 50.25150943728386
}